{
  "id": "771bb8fa-792d-4b5a-a5e6-ebad3bd7c132",
  "prevId": "08803615-4810-4326-a15f-829bbb98b3a5",
  "version": "7",
  "dialect": "postgresql",
  "tables": {
    "public.reader_applicants": {
      "name": "reader_applicants",
      "schema": "",
      "columns": {
        "id": {
          "name": "id",
          "type": "serial",
          "primaryKey": true,
          "notNull": true
        },
        "cohort_type": {
          "name": "cohort_type",
          "type": "cohort_type",
          "typeSchema": "public",
          "primaryKey": false,
          "notNull": true
        },
        "program": {
          "name": "program",
          "type": "text",
          "primaryKey": false,
          "notNull": true
        },
        "email": {
          "name": "email",
          "type": "text",
          "primaryKey": false,
          "notNull": true
        },
        "format_pref": {
          "name": "format_pref",
          "type": "format_pref",
          "typeSchema": "public",
          "primaryKey": false,
          "notNull": false
        },
        "content_notes_ack": {
          "name": "content_notes_ack",
          "type": "boolean",
          "primaryKey": false,
          "notNull": true,
          "default": false
        },
        "taste_profile": {
          "name": "taste_profile",
          "type": "text",
          "primaryKey": false,
          "notNull": false
        },
        "source": {
          "name": "source",
          "type": "text",
          "primaryKey": false,
          "notNull": false
        },
        "book_id": {
          "name": "book_id",
          "type": "text",
          "primaryKey": false,
          "notNull": false
        },
        "status": {
          "name": "status",
          "type": "text",
          "primaryKey": false,
          "notNull": true,
          "default": "'pending'"
        },
        "approved_at": {
          "name": "approved_at",
          "type": "timestamp",
          "primaryKey": false,
          "notNull": false
        },
        "invite_id": {
          "name": "invite_id",
          "type": "integer",
          "primaryKey": false,
          "notNull": false
        },
        "created_at": {
          "name": "created_at",
          "type": "timestamp",
          "primaryKey": false,
          "notNull": true,
          "default": "now()"
        }
      },
      "indexes": {},
      "foreignKeys": {
        "reader_applicants_invite_id_reader_invites_id_fk": {
          "name": "reader_applicants_invite_id_reader_invites_id_fk",
          "tableFrom": "reader_applicants",
          "tableTo": "reader_invites",
          "columnsFrom": [
            "invite_id"
          ],
          "columnsTo": [
            "id"
          ],
          "onDelete": "no action",
          "onUpdate": "no action"
        }
      },
      "compositePrimaryKeys": {},
      "uniqueConstraints": {},
      "policies": {},
      "checkConstraints": {},
      "isRLSEnabled": false
    },
    "public.reader_invites": {
      "name": "reader_invites",
      "schema": "",
      "columns": {
        "id": {
          "name": "id",
          "type": "serial",
          "primaryKey": true,
          "notNull": true
        },
        "token": {
          "name": "token",
          "type": "text",
          "primaryKey": false,
          "notNull": true
        },
        "cohort_type": {
          "name": "cohort_type",
          "type": "cohort_type",
          "typeSchema": "public",
          "primaryKey": false,
          "notNull": true
        },
        "program": {
          "name": "program",
          "type": "text",
          "primaryKey": false,
          "notNull": true
        },
        "reading_mode": {
          "name": "reading_mode",
          "type": "reading_mode",
          "typeSchema": "public",
          "primaryKey": false,
          "notNull": true
        },
        "active": {
          "name": "active",
          "type": "boolean",
          "primaryKey": false,
          "notNull": true,
          "default": true
        },
        "email": {
          "name": "email",
          "type": "text",
          "primaryKey": false,
          "notNull": false
        },
        "created_at": {
          "name": "created_at",
          "type": "timestamp",
          "primaryKey": false,
          "notNull": true,
          "default": "now()"
        }
      },
      "indexes": {
        "reader_invites_token_unique": {
          "name": "reader_invites_token_unique",
          "columns": [
            {
              "expression": "token",
              "isExpression": false,
              "asc": true,
              "nulls": "last"
            }
          ],
          "isUnique": true,
          "concurrently": false,
          "method": "btree",
          "with": {}
        }
      },
      "foreignKeys": {},
      "compositePrimaryKeys": {},
      "uniqueConstraints": {},
      "policies": {},
      "checkConstraints": {},
      "isRLSEnabled": false
    },
    "public.reading_events": {
      "name": "reading_events",
      "schema": "",
      "columns": {
        "id": {
          "name": "id",
          "type": "serial",
          "primaryKey": true,
          "notNull": true
        },
        "session_id": {
          "name": "session_id",
          "type": "text",
          "primaryKey": false,
          "notNull": true
        },
        "event_name": {
          "name": "event_name",
          "type": "text",
          "primaryKey": false,
          "notNull": true
        },
        "created_at": {
          "name": "created_at",
          "type": "timestamp",
          "primaryKey": false,
          "notNull": true,
          "default": "now()"
        },
        "meta": {
          "name": "meta",
          "type": "jsonb",
          "primaryKey": false,
          "notNull": false
        }
      },
      "indexes": {
        "reading_events_session_id_idx": {
          "name": "reading_events_session_id_idx",
          "columns": [
            {
              "expression": "session_id",
              "isExpression": false,
              "asc": true,
              "nulls": "last"
            }
          ],
          "isUnique": false,
          "concurrently": false,
          "method": "btree",
          "with": {}
        }
      },
      "foreignKeys": {
        "reading_events_session_id_reading_sessions_session_id_fk": {
          "name": "reading_events_session_id_reading_sessions_session_id_fk",
          "tableFrom": "reading_events",
          "tableTo": "reading_sessions",
          "columnsFrom": [
            "session_id"
          ],
          "columnsTo": [
            "session_id"
          ],
          "onDelete": "no action",
          "onUpdate": "no action"
        }
      },
      "compositePrimaryKeys": {},
      "uniqueConstraints": {},
      "policies": {},
      "checkConstraints": {},
      "isRLSEnabled": false
    },
    "public.reading_sessions": {
      "name": "reading_sessions",
      "schema": "",
      "columns": {
        "id": {
          "name": "id",
          "type": "serial",
          "primaryKey": true,
          "notNull": true
        },
        "session_id": {
          "name": "session_id",
          "type": "text",
          "primaryKey": false,
          "notNull": true
        },
        "invite_id": {
          "name": "invite_id",
          "type": "integer",
          "primaryKey": false,
          "notNull": false
        },
        "started_at": {
          "name": "started_at",
          "type": "timestamp",
          "primaryKey": false,
          "notNull": true,
          "default": "now()"
        },
        "last_seen_at": {
          "name": "last_seen_at",
          "type": "timestamp",
          "primaryKey": false,
          "notNull": true,
          "default": "now()"
        },
        "completed_at": {
          "name": "completed_at",
          "type": "timestamp",
          "primaryKey": false,
          "notNull": false
        },
        "completion_method": {
          "name": "completion_method",
          "type": "completion_method",
          "typeSchema": "public",
          "primaryKey": false,
          "notNull": false
        }
      },
      "indexes": {
        "reading_sessions_session_id_unique": {
          "name": "reading_sessions_session_id_unique",
          "columns": [
            {
              "expression": "session_id",
              "isExpression": false,
              "asc": true,
              "nulls": "last"
            }
          ],
          "isUnique": true,
          "concurrently": false,
          "method": "btree",
          "with": {}
        }
      },
      "foreignKeys": {
        "reading_sessions_invite_id_reader_invites_id_fk": {
          "name": "reading_sessions_invite_id_reader_invites_id_fk",
          "tableFrom": "reading_sessions",
          "tableTo": "reader_invites",
          "columnsFrom": [
            "invite_id"
          ],
          "columnsTo": [
            "id"
          ],
          "onDelete": "no action",
          "onUpdate": "no action"
        }
      },
      "compositePrimaryKeys": {},
      "uniqueConstraints": {},
      "policies": {},
      "checkConstraints": {},
      "isRLSEnabled": false
    },
    "public.reading_survey_responses": {
      "name": "reading_survey_responses",
      "schema": "",
      "columns": {
        "id": {
          "name": "id",
          "type": "serial",
          "primaryKey": true,
          "notNull": true
        },
        "session_id": {
          "name": "session_id",
          "type": "text",
          "primaryKey": false,
          "notNull": true
        },
        "cohort_type": {
          "name": "cohort_type",
          "type": "cohort_type",
          "typeSchema": "public",
          "primaryKey": false,
          "notNull": true
        },
        "program": {
          "name": "program",
          "type": "text",
          "primaryKey": false,
          "notNull": true
        },
        "submitted_at": {
          "name": "submitted_at",
          "type": "timestamp",
          "primaryKey": false,
          "notNull": true,
          "default": "now()"
        },
        "answers": {
          "name": "answers",
          "type": "jsonb",
          "primaryKey": false,
          "notNull": true
        },
        "testimonial_consent": {
          "name": "testimonial_consent",
          "type": "boolean",
          "primaryKey": false,
          "notNull": true,
          "default": false
        },
        "attribution_preference": {
          "name": "attribution_preference",
          "type": "text",
          "primaryKey": false,
          "notNull": false
        },
        "attribution_text": {
          "name": "attribution_text",
          "type": "text",
          "primaryKey": false,
          "notNull": false
        },
        "first_name": {
          "name": "first_name",
          "type": "text",
          "primaryKey": false,
          "notNull": false
        },
        "last_name": {
          "name": "last_name",
          "type": "text",
          "primaryKey": false,
          "notNull": false
        },
        "arc_review_intent": {
          "name": "arc_review_intent",
          "type": "boolean",
          "primaryKey": false,
          "notNull": false
        },
        "arc_review_posted": {
          "name": "arc_review_posted",
          "type": "boolean",
          "primaryKey": false,
          "notNull": false
        },
        "arc_review_link": {
          "name": "arc_review_link",
          "type": "text",
          "primaryKey": false,
          "notNull": false
        }
      },
      "indexes": {},
      "foreignKeys": {
        "reading_survey_responses_session_id_reading_sessions_session_id_fk": {
          "name": "reading_survey_responses_session_id_reading_sessions_session_id_fk",
          "tableFrom": "reading_survey_responses",
          "tableTo": "reading_sessions",
          "columnsFrom": [
            "session_id"
          ],
          "columnsTo": [
            "session_id"
          ],
          "onDelete": "no action",
          "onUpdate": "no action"
        }
      },
      "compositePrimaryKeys": {},
      "uniqueConstraints": {},
      "policies": {},
      "checkConstraints": {},
      "isRLSEnabled": false
    },
    "public.subscribers": {
      "name": "subscribers",
      "schema": "",
      "columns": {
        "id": {
          "name": "id",
          "type": "serial",
          "primaryKey": true,
          "notNull": true
        },
        "email": {
          "name": "email",
          "type": "text",
          "primaryKey": false,
          "notNull": true
        },
        "subscribed_at": {
          "name": "subscribed_at",
          "type": "timestamp",
          "primaryKey": false,
          "notNull": true,
          "default": "now()"
        },
        "unsubscribed": {
          "name": "unsubscribed",
          "type": "boolean",
          "primaryKey": false,
          "notNull": false,
          "default": false
        }
      },
      "indexes": {},
      "foreignKeys": {},
      "compositePrimaryKeys": {},
      "uniqueConstraints": {
        "subscribers_email_unique": {
          "name": "subscribers_email_unique",
          "nullsNotDistinct": false,
          "columns": [
            "email"
          ]
        }
      },
      "policies": {},
      "checkConstraints": {},
      "isRLSEnabled": false
    },
    "public.users": {
      "name": "users",
      "schema": "",
      "columns": {
        "id": {
          "name": "id",
          "type": "text",
          "primaryKey": true,
          "notNull": true
        },
        "email": {
          "name": "email",
          "type": "text",
          "primaryKey": false,
          "notNull": true
        },
        "password": {
          "name": "password",
          "type": "text",
          "primaryKey": false,
          "notNull": true
        },
        "created_at": {
          "name": "created_at",
          "type": "timestamp",
          "primaryKey": false,
          "notNull": true,
          "default": "now()"
        }
      },
      "indexes": {},
      "foreignKeys": {},
      "compositePrimaryKeys": {},
      "uniqueConstraints": {
        "users_email_unique": {
          "name": "users_email_unique",
          "nullsNotDistinct": false,
          "columns": [
            "email"
          ]
        }
      },
      "policies": {},
      "checkConstraints": {},
      "isRLSEnabled": false
    }
  },
  "enums": {},
  "schemas": {},
  "sequences": {},
  "roles": {},
  "policies": {},
  "views": {},
  "_meta": {
    "columns": {},
    "schemas": {},
    "tables": {}
  }
}