{
  "version": "7",
  "dialect": "postgresql",
  "entries": [
    {
      "idx": 0,
      "version": "7",
      "when": 1767220993106,
      "tag": "0000_smart_zuras",
      "breakpoints": true
    },
    {
      "idx": 1,
      "version": "7",
      "when": 1767221449972,
      "tag": "0001_outgoing_invaders",
      "breakpoints": true
    },
    {
      "idx": 2,
      "version": "7",
      "when": 1767468000000,
      "tag": "0002_reader_applicant_status",
      "breakpoints": true
    },
    {
      "idx": 3,
      "version": "7",
      "when": 1768569218247,
      "tag": "0003_tearful_tinkerer",
      "breakpoints": true
    }
  ]
}